1,856$u,access
ocn300573856,http://dx.doi.org/10.1002/9781118669167,DOI error
ocn301314366,http://dx.doi.org/10.1002/9781118664568,DOI error
ocn440772470,http://dx.doi.org/10.1002/9781118709528,check
ocn568613354,http://dx.doi.org/10.1002/9781118664902,DOI error
ocn593463675,http://dx.doi.org/10.1002/9781118669280,DOI error
ocn608839574,http://dx.doi.org/10.1002/9781118665312,DOI error
ocn609117088,http://dx.doi.org/10.1002/9781118669266,DOI error
ocn609179629,http://dx.doi.org/10.1002/9781118663707,DOI error
ocn609180918,http://dx.doi.org/10.1002/9781118665046,DOI error
ocn609719865,http://dx.doi.org/10.1002/9781118665299,DOI error
ocn610188532,http://dx.doi.org/10.1002/9781118665282,DOI error
ocn610207620,http://dx.doi.org/10.1002/9781118663691,DOI error
ocn610488542,http://dx.doi.org/10.1002/9781118669440,DOI error
ocn622886381,http://dx.doi.org/10.1002/9781118664438,DOI error
ocn622957941,http://dx.doi.org/10.1002/9781118665015,DOI error
ocn623164150,http://dx.doi.org/10.1002/9781118665275,DOI error
ocn625312691,http://dx.doi.org/10.1002/9781118664421,DOI error
ocn644953746,http://dx.doi.org/10.1002/9781118663738,DOI error
ocn645908375,http://dx.doi.org/10.1002/9781118663776,DOI error
ocn646815494,http://dx.doi.org/10.1002/9781118664360,DOI error
ocn646831645,http://dx.doi.org/10.1002/9781118668146,DOI error
ocn646834931,http://dx.doi.org/10.1002/9781118666357,DOI error
ocn646839227,http://dx.doi.org/10.1002/9781118668184,DOI error
ocn646870561,http://dx.doi.org/10.1002/9781118665350,DOI error
ocn646872726,http://dx.doi.org/10.1002/9781118666050,DOI error
ocn646874042,http://dx.doi.org/10.1002/9781118666746,DOI error
ocn646898260,http://dx.doi.org/10.1002/9781118664995,DOI error
ocn646898396,http://dx.doi.org/10.1002/9781118665770,DOI error
ocn646906209,http://dx.doi.org/10.1002/9781118669259,DOI error
ocn646921592,http://dx.doi.org/10.1002/9781118667507,DOI error
ocn646923029,http://dx.doi.org/10.1002/9781118663905,DOI error
ocn646924723,http://dx.doi.org/10.1002/9781118663813,DOI error
ocn646938279,http://dx.doi.org/10.1002/9781118663974,DOI error
ocn646947867,http://dx.doi.org/10.1002/9781118667941,DOI error
ocn646956701,http://dx.doi.org/10.1002/9781118668962,DOI error
ocn646967752,http://dx.doi.org/10.1002/9781118664124,DOI error
ocn646979871,http://dx.doi.org/10.1002/9781118666227,DOI error
ocn647001437,http://dx.doi.org/10.1002/9781118664735,DOI error
ocn647014926,http://dx.doi.org/10.1002/9781118666241,DOI error
ocn647017510,http://dx.doi.org/10.1002/9781118668092,DOI error
ocn647020800,http://dx.doi.org/10.1002/9781118670262,DOI error
ocn647035825,http://dx.doi.org/10.1002/9781118664612,DOI error
ocn647036902,http://dx.doi.org/10.1002/9781118665084,DOI error
ocn647046527,http://dx.doi.org/10.1002/9781118664155,DOI error
ocn647046657,http://dx.doi.org/10.1002/9781118668115,DOI error
ocn647057831,http://dx.doi.org/10.1002/9781118663592,DOI error
ocn647057974,http://dx.doi.org/10.1002/9781118665039,DOI error
ocn647058093,http://dx.doi.org/10.1002/9781118665381,DOI error
ocn647063445,http://dx.doi.org/10.1002/9781118664162,DOI error
ocn647065469,http://dx.doi.org/10.1002/9781118665657,DOI error
ocn647065727,http://dx.doi.org/10.1002/9781118664346,DOI error
ocn647075199,http://dx.doi.org/10.1002/9781118664377,DOI error
ocn647077814,http://dx.doi.org/10.1002/9781118666319,DOI error
ocn647082797,http://dx.doi.org/10.1002/9781118665527,DOI error
ocn647085283,http://dx.doi.org/10.1002/9781118665237,DOI error
ocn647092936,http://dx.doi.org/10.1002/9781118663981,DOI error
ocn647093542,http://dx.doi.org/10.1002/9781118664414,DOI error
ocn647101204,http://dx.doi.org/10.1002/9781118664667,DOI error
ocn647105466,http://dx.doi.org/10.1002/9781118670132,DOI error
ocn647107265,http://dx.doi.org/10.1002/9781118664049,DOI error
ocn647107329,http://dx.doi.org/10.1002/9781118663899,DOI error
ocn647108647,http://dx.doi.org/10.1002/9781118664476,DOI error
ocn647112161,http://dx.doi.org/10.1002/9781118666159,DOI error
ocn647113034,http://dx.doi.org/10.1002/9781118664063,DOI error
ocn647115666,http://dx.doi.org/10.1002/9781118666449,DOI error
ocn647119350,http://dx.doi.org/10.1002/9781118670279,DOI error
ocn647129401,http://dx.doi.org/10.1002/9781118664599,DOI error
ocn647135394,http://dx.doi.org/10.1002/9781118663868,DOI error
ocn647135539,http://dx.doi.org/10.1002/9781118665091,DOI error
ocn647137414,http://dx.doi.org/10.1002/9781118664339,DOI error
ocn647148110,http://dx.doi.org/10.1002/9781118664308,DOI error
ocn647148564,http://dx.doi.org/10.1002/9781118668023,DOI error
ocn647152485,http://dx.doi.org/10.1002/9781118665220,DOI error
ocn647152513,http://dx.doi.org/10.1002/9781118663882,DOI error
ocn647159621,http://dx.doi.org/10.1002/9781118665077,DOI error
ocn647159967,http://dx.doi.org/10.1002/9781118668504,DOI error
ocn647169865,http://dx.doi.org/10.1002/9781118666647,DOI error
ocn647176442,http://dx.doi.org/10.1002/9781118664032,DOI error
ocn647191416,http://dx.doi.org/10.1002/9781118668238,DOI error
ocn647207465,http://dx.doi.org/10.1002/9781118666555,DOI error
ocn647212931,http://dx.doi.org/10.1002/9781118667590,DOI error
ocn647227142,http://dx.doi.org/10.1002/9781118670415,DOI error
ocn647235896,http://dx.doi.org/10.1002/9781118664827,DOI error
ocn647249766,http://dx.doi.org/10.1002/9781118665831,DOI error
ocn647250398,http://dx.doi.org/10.1002/9781118668009,DOI error
ocn647254985,http://dx.doi.org/10.1002/9781118668245,DOI error
ocn647256484,http://dx.doi.org/10.1002/9781118663745,DOI error
ocn647294017,http://dx.doi.org/10.1002/9781118670439,DOI error
ocn647314949,http://dx.doi.org/10.1002/9781118664469,DOI error
ocn647315865,http://dx.doi.org/10.1002/9781118665176,DOI error
ocn647324406,http://dx.doi.org/10.1002/9781118663929,DOI error
ocn647359977,http://dx.doi.org/10.1002/9781118667705,DOI error
ocn647365414,http://dx.doi.org/10.1002/9781118664179,DOI error
ocn647403406,http://dx.doi.org/10.1002/9781118669310,DOI error
ocn647413004,http://dx.doi.org/10.1002/9781118664759,DOI error
ocn647417930,http://dx.doi.org/10.1002/9781118669204,DOI error
ocn647445806,http://dx.doi.org/10.1002/9781118666739,DOI error
ocn647453174,http://dx.doi.org/10.1002/9781118664681,DOI error
ocn647454205,http://dx.doi.org/10.1002/9781118670255,DOI error
ocn647469901,http://dx.doi.org/10.1002/9781118664056,DOI error
ocn647493240,http://dx.doi.org/10.1002/9781118664391,DOI error
ocn647493344,http://dx.doi.org/10.1002/9781118665145,DOI error
ocn647493644,http://dx.doi.org/10.1002/9781118664803,DOI error
ocn647494820,http://dx.doi.org/10.1002/9781118669822,DOI error
ocn647505377,http://dx.doi.org/10.1002/9781118665756,DOI error
ocn647506181,http://dx.doi.org/10.1002/9781118666289,DOI error
ocn647507452,http://dx.doi.org/10.1002/9781118668177,DOI error
ocn647514632,http://dx.doi.org/10.1002/9781118664629,DOI error
ocn647517585,http://dx.doi.org/10.1002/9781118665183,DOI error
ocn647520437,http://dx.doi.org/10.1002/9781118669747,DOI error
ocn647521352,http://dx.doi.org/10.1002/9781118666722,DOI error
ocn647531902,http://dx.doi.org/10.1002/9781118664957,DOI error
ocn647533000,http://dx.doi.org/10.1002/9781118668771,DOI error
ocn647536223,http://dx.doi.org/10.1002/9781118670170,DOI error
ocn647540004,http://dx.doi.org/10.1002/9781118664384,DOI error
ocn647545509,http://dx.doi.org/10.1002/9781118666463,DOI error
ocn647553530,http://dx.doi.org/10.1002/9781118665480,DOI error
ocn647559944,http://dx.doi.org/10.1002/9781118663998,DOI error
ocn647571409,http://dx.doi.org/10.1002/9781118669006,DOI error
ocn647597088,http://dx.doi.org/10.1002/9781118670217,DOI error
ocn647598177,http://dx.doi.org/10.1002/9781118666401,DOI error
ocn647601721,http://dx.doi.org/10.1002/9781118670019,DOI error
ocn647604897,http://dx.doi.org/10.1002/9781118663806,DOI error
ocn647607952,http://dx.doi.org/10.1002/9781118668313,DOI error
ocn647609704,http://dx.doi.org/10.1002/9781118666487,DOI error
ocn647611650,http://dx.doi.org/10.1002/9781118666968,DOI error
ocn647614684,http://dx.doi.org/10.1002/9781118669181,DOI error
ocn647618259,http://dx.doi.org/10.1002/9781118666395,DOI error
ocn647628146,http://dx.doi.org/10.1002/9781118664209,DOI error
ocn647632436,http://dx.doi.org/10.1002/9781118663950,DOI error
ocn647646481,http://dx.doi.org/10.1002/9781118666456,DOI error
ocn647650149,http://dx.doi.org/10.1002/9781118665992,DOI error
ocn647652932,http://dx.doi.org/10.1002/9781118669075,DOI error
ocn647686052,http://dx.doi.org/10.1002/9781118664292,DOI error
ocn648265717,http://dx.doi.org/10.1002/9781118670095,DOI error
ocn648546116,http://dx.doi.org/10.1002/9781118666203,DOI error
ocn648565190,http://dx.doi.org/10.1002/9781118665169,DOI error
ocn648575714,http://dx.doi.org/10.1002/9781118666432,DOI error
ocn648587251,http://dx.doi.org/10.1002/9781118666524,DOI error
ocn648592756,http://dx.doi.org/10.1002/9781118665152,DOI error
ocn648594030,http://dx.doi.org/10.1002/9781118664889,DOI error
ocn648594030,http://dx.doi.org/10.1002/9781118664896,DOI error
ocn648641784,http://dx.doi.org/10.1002/9781118667484,DOI error
ocn652485152,http://dx.doi.org/10.1002/9781118668955,DOI error
ocn652536471,http://dx.doi.org/10.1002/9781118668825,DOI error
ocn654726188,http://dx.doi.org/10.1002/9781118668832,DOI error
ocn654890699,http://dx.doi.org/10.1002/9781118669808,DOI error
ocn655629959,http://dx.doi.org/10.1002/9781118669402,DOI error
ocn657964077,http://dx.doi.org/10.1002/9781118663912,DOI error
ocn671655079,http://dx.doi.org/10.1002/9781118668047,DOI error
ocn679318469,http://dx.doi.org/10.1002/9781118664711,DOI error
ocn679323366,http://dx.doi.org/10.1002/9781118664780,DOI error
ocn679375909,http://dx.doi.org/10.1002/9781118664070,DOI error
ocn679377054,http://dx.doi.org/10.1002/9781118666562,DOI error
ocn679378211,http://dx.doi.org/10.1002/9781118666531,DOI error
ocn679522729,http://dx.doi.org/10.1002/9781118666036,DOI error
ocn680072171,http://dx.doi.org/10.1002/9781118667996,DOI error
ocn680078381,http://dx.doi.org/10.1002/9781118667675,DOI error
ocn680211509,http://dx.doi.org/10.1002/9781118665626,DOI error
ocn680273180,http://dx.doi.org/10.1002/9781118669389,DOI error
ocn680297240,http://dx.doi.org/10.1002/9781118667934,DOI error
ocn680421314,http://dx.doi.org/10.1002/9781118667774,DOI error
ocn680424097,http://dx.doi.org/10.1002/9781118665305,DOI error
ocn680451120,http://dx.doi.org/10.1002/9781118666135,DOI error
ocn680501642,http://dx.doi.org/10.1002/9781118670088,DOI error
ocn680525892,http://dx.doi.org/10.1002/9781118668078,DOI error
ocn680545961,http://dx.doi.org/10.1002/9781118666692,DOI error
ocn680549088,http://dx.doi.org/10.1002/9781118664872,DOI error
ocn680570808,http://dx.doi.org/10.1002/9781118666548,DOI error
ocn680595741,http://dx.doi.org/10.1002/9781118669129,DOI error
ocn680599323,http://dx.doi.org/10.1002/9781118663851,DOI error
ocn680633327,http://dx.doi.org/10.1002/9781118668658,DOI error
ocn680644124,http://dx.doi.org/10.1002/9781118668986,DOI error
ocn680989770,http://dx.doi.org/10.1002/9781118666975,DOI error
ocn680991432,http://dx.doi.org/10.1002/9781118669723,DOI error
ocn680997152,http://dx.doi.org/10.1002/9781118669761,DOI error
ocn681037396,http://dx.doi.org/10.1002/9781118670248,DOI error
ocn681040992,http://dx.doi.org/10.1002/9781118668030,DOI error
ocn681083320,http://dx.doi.org/10.1002/9781118664858,DOI error
ocn681188486,http://dx.doi.org/10.1002/9781118668276,DOI error
ocn681190164,http://dx.doi.org/10.1002/9781118668559,DOI error
ocn681274416,http://dx.doi.org/10.1002/9781118665602,DOI error
ocn681275083,http://dx.doi.org/10.1002/9781118664261,DOI error
ocn681290665,http://dx.doi.org/10.1002/9781118666517,DOI error
ocn681294441,http://dx.doi.org/10.1002/9781118665107,DOI error
ocn681294453,http://dx.doi.org/10.1002/9781118663875,DOI error
ocn681436840,http://dx.doi.org/10.1002/9781118663844,DOI error
ocn681468762,http://dx.doi.org/10.1002/9781118665954,DOI error
ocn681479440,http://dx.doi.org/10.1002/9781118664650,DOI error
ocn681480616,http://dx.doi.org/10.1002/9781118664407,DOI error
ocn681508022,http://dx.doi.org/10.1002/9781118668085,DOI error
ocn681528302,http://dx.doi.org/10.1002/9781118666500,DOI error
ocn681550420,http://dx.doi.org/10.1002/9781118670163,DOI error
ocn681568704,http://dx.doi.org/10.1002/9781118664773,DOI error
ocn681604642,http://dx.doi.org/10.1002/9781118668801,DOI error
ocn681622294,http://dx.doi.org/10.1002/9781118668450,DOI error
ocn681747207,http://dx.doi.org/10.1002/9781118664322,DOI error
ocn681773012,http://dx.doi.org/10.1002/9781118665022,DOI error
ocn681899040,http://dx.doi.org/10.1002/9781118665909,DOI error
ocn681916341,http://dx.doi.org/10.1002/9781118666272,DOI error
ocn681958160,http://dx.doi.org/10.1002/9781118665336,DOI error
ocn682030121,http://dx.doi.org/10.1002/9781118669273,DOI error
ocn682033804,http://dx.doi.org/10.1002/9781118666586,DOI error
ocn682071546,http://dx.doi.org/10.1002/9781118663660,DOI error
ocn682087722,http://dx.doi.org/10.1002/9781118670316,DOI error
ocn682114418,http://dx.doi.org/10.1002/9781118665541,DOI error
ocn682148207,http://dx.doi.org/10.1002/9781118666180,DOI error
ocn682160768,http://dx.doi.org/10.1002/9781118663820,DOI error
ocn682161152,http://dx.doi.org/10.1002/9781118668573,DOI error
ocn682161613,http://dx.doi.org/10.1002/9781118665589,DOI error
ocn682213716,http://dx.doi.org/10.1002/9781118664223,DOI error
ocn682214988,http://dx.doi.org/10.1002/9781118664216,DOI error
ocn682220264,http://dx.doi.org/10.1002/9781118665503,DOI error
ocn692231404,http://dx.doi.org/10.1002/9781118664971,DOI error
ocn693321558,http://dx.doi.org/10.1002/9781118670309,DOI error
ocn693470845,http://dx.doi.org/10.1002/9781118669778,DOI error
ocn694474165,http://dx.doi.org/10.1002/9781118666593,DOI error
ocn694474169,http://dx.doi.org/10.1002/9781118664247,DOI error
ocn694474172,http://dx.doi.org/10.1002/9781118667354,DOI error
ocn694474173,http://dx.doi.org/10.1002/9781118666654,DOI error
ocn727631666,http://dx.doi.org/10.1002/9781118663837,DOI error
ocn747314353,http://dx.doi.org/10.1002/9781118664964,DOI error
ocn754581672,http://dx.doi.org/10.1002/9781118667040,DOI error
ocn754583355,http://dx.doi.org/10.1002/9781118666876,DOI error
ocn754599521,http://dx.doi.org/10.1002/9781118666869,DOI error
ocn754684442,http://dx.doi.org/10.1002/9781118668917,DOI error
ocn758679195,http://dx.doi.org/10.1002/9781118666814,DOI error
ocn759093007,http://dx.doi.org/10.1002/9781118667262,DOI error
ocn761141835,http://dx.doi.org/10.1002/9781118664674,DOI error
ocn762251538,http://dx.doi.org/10.1002/9781118666944,DOI error
ocn763144810,http://dx.doi.org/10.1002/9781118667071,DOI error
ocn763145576,http://dx.doi.org/10.1002/9781118667729,DOI error
ocn767538559,http://dx.doi.org/10.1002/9781118665121,DOI error
ocn767538633,http://dx.doi.org/10.1002/9781118664766,DOI error
ocn767539486,http://dx.doi.org/10.1002/9781118670323,DOI error
ocn767539548,http://dx.doi.org/10.1002/9781118665053,DOI error
ocn767689951,http://dx.doi.org/10.1002/9781118669914,DOI error
ocn767689993,http://dx.doi.org/10.1002/9781118669907,DOI error
ocn767690007,http://dx.doi.org/10.1002/9781118664940,DOI error
ocn767690010,http://dx.doi.org/10.1002/9781118670361,DOI error
ocn767690095,http://dx.doi.org/10.1002/9781118670118,DOI error
ocn767690120,http://dx.doi.org/10.1002/9781118664193,DOI error
ocn767690132,http://dx.doi.org/10.1002/9781118664315,DOI error
ocn767690254,http://dx.doi.org/10.1002/9781118667712,DOI error
ocn767690264,http://dx.doi.org/10.1002/9781118664285,DOI error
ocn767690596,http://dx.doi.org/10.1002/9781118669884,DOI error
ocn767690989,http://dx.doi.org/10.1002/9781118670224,DOI error
ocn767787397,http://dx.doi.org/10.1002/9781118664797,DOI error
ocn767787445,http://dx.doi.org/10.1002/9781118669860,DOI error
ocn767788207,http://dx.doi.org/10.1002/9781118667873,DOI error
ocn767789180,http://dx.doi.org/10.1002/9781118665749,DOI error
ocn768058992,http://dx.doi.org/10.1002/9781118667309,DOI error
ocn772503511,http://dx.doi.org/10.1002/9781118670347,DOI error
ocn772503537,http://dx.doi.org/10.1002/9781118666470,DOI error
ocn772504535,http://dx.doi.org/10.1002/9781118664087,DOI error
ocn772504546,http://dx.doi.org/10.1002/9781118666494,DOI error
ocn772504560,http://dx.doi.org/10.1002/9781118670392,DOI error
ocn772504575,http://dx.doi.org/10.1002/9781118666142,DOI error
ocn772504578,http://dx.doi.org/10.1002/9781118665060,DOI error
ocn772504583,http://dx.doi.org/10.1002/9781118667927,DOI error
ocn772504605,http://dx.doi.org/10.1002/9781118666616,DOI error
ocn772504626,http://dx.doi.org/10.1002/9781118663769,DOI error
ocn772504633,http://dx.doi.org/10.1002/9781118668139,DOI error
ocn772504668,http://dx.doi.org/10.1002/9781118668283,DOI error
ocn772504698,http://dx.doi.org/10.1002/9781118667736,DOI error
ocn772504710,http://dx.doi.org/10.1002/9781118665725,DOI error
ocn772504711,http://dx.doi.org/10.1002/9781118665558,DOI error
ocn772504723,http://dx.doi.org/10.1002/9781118665213,DOI error
ocn772504724,http://dx.doi.org/10.1002/9781118665244,DOI error
ocn772504726,http://dx.doi.org/10.1002/9781118665534,DOI error
ocn772504801,http://dx.doi.org/10.1002/9781118668191,DOI error
ocn772504815,http://dx.doi.org/10.1002/9781118665572,DOI error
ocn772504831,http://dx.doi.org/10.1002/9781118665206,DOI error
ocn772504889,http://dx.doi.org/10.1002/9781118670231,DOI error
ocn772504890,http://dx.doi.org/10.1002/9781118667569,DOI error
ocn772504905,http://dx.doi.org/10.1002/9781118666111,DOI error
ocn772504908,http://dx.doi.org/10.1002/9781118668108,DOI error
ocn772504913,http://dx.doi.org/10.1002/9781118665688,DOI error
ocn772504924,http://dx.doi.org/10.1002/9781118669655,DOI error
ocn772504926,http://dx.doi.org/10.1002/9781118669853,DOI error
ocn772504927,http://dx.doi.org/10.1002/9781118667828,DOI error
ocn772504928,http://dx.doi.org/10.1002/9781118667835,DOI error
ocn772504929,http://dx.doi.org/10.1002/9781118668856,DOI error
ocn772504931,http://dx.doi.org/10.1002/9781118669020,DOI error
ocn772504932,http://dx.doi.org/10.1002/9781118669068,DOI error
ocn772504933,http://dx.doi.org/10.1002/9781118667811,full
ocn772504953,http://dx.doi.org/10.1002/9781118664810,DOI error
ocn772504979,http://dx.doi.org/10.1002/9781118669594,DOI error
ocn772505495,http://dx.doi.org/10.1002/9781118664834,DOI error
ocn772505562,http://dx.doi.org/10.1002/9781118670040,DOI error
ocn772505569,http://dx.doi.org/10.1002/9781118666753,DOI error
ocn772505570,http://dx.doi.org/10.1002/9781118667651,DOI error
ocn772505571,http://dx.doi.org/10.1002/9781118667637,DOI error
ocn772505574,http://dx.doi.org/10.1002/9781118666678,DOI error
ocn772505575,http://dx.doi.org/10.1002/9781118667668,DOI error
ocn777354049,http://dx.doi.org/10.1002/9781118663684,DOI error
ocn789664597,http://dx.doi.org/10.1002/9781118666630,DOI error
ocn789664716,http://dx.doi.org/10.1002/9781118670354,DOI error
ocn798834814,http://dx.doi.org/10.1002/9781118665367,DOI error
ocn798834816,http://dx.doi.org/10.1002/9781118664841,DOI error
ocn798834818,http://dx.doi.org/10.1002/9781118665473,DOI error
ocn798834819,http://dx.doi.org/10.1002/9781118664254,DOI error
ocn798834821,http://dx.doi.org/10.1002/9781118666302,DOI error
ocn798834822,http://dx.doi.org/10.1002/9781118666388,DOI error
ocn798834824,http://dx.doi.org/10.1002/9781118667606,DOI error
ocn798834826,http://dx.doi.org/10.1002/9781118664728,DOI error
ocn798834827,http://dx.doi.org/10.1002/9781118665008,DOI error
ocn798834829,http://dx.doi.org/10.1002/9781118667217,DOI error
ocn798834830,http://dx.doi.org/10.1002/9781118669648,DOI error
ocn798834831,http://dx.doi.org/10.1002/9781118667330,DOI error
ocn798834832,http://dx.doi.org/10.1002/9781118667095,DOI error
ocn798834833,http://dx.doi.org/10.1002/9781118669785,DOI error
ocn798834835,http://dx.doi.org/10.1002/9781118669495,DOI error
ocn798834837,http://dx.doi.org/10.1002/9781118668924,DOI error
ocn798834839,http://dx.doi.org/10.1002/9781118667538,DOI error
ocn798834840,http://dx.doi.org/10.1002/9781118668511,DOI error
ocn798834843,http://dx.doi.org/10.1002/9781118666807,DOI error
ocn798834844,http://dx.doi.org/10.1002/9781118667286,DOI error
ocn798834846,http://dx.doi.org/10.1002/9781118667897,DOI error
ocn798834849,http://dx.doi.org/10.1002/9781118668252,DOI error
ocn798834852,http://dx.doi.org/10.1002/9781118664742,DOI error
ocn798834853,http://dx.doi.org/10.1002/9781118668481,DOI error
ocn798834854,http://dx.doi.org/10.1002/9781118664513,DOI error
ocn798834856,http://dx.doi.org/10.1002/9781118668221,DOI error
ocn798834857,http://dx.doi.org/10.1002/9781118668474,DOI error
ocn798834860,http://dx.doi.org/10.1002/9781118668535,DOI error
ocn798834863,http://dx.doi.org/10.1002/9781118668399,DOI error
ocn798834864,http://dx.doi.org/10.1002/9781118664100,DOI error
ocn798834868,http://dx.doi.org/10.1002/9781118666197,DOI error
ocn798834870,http://dx.doi.org/10.1002/9781118668634,DOI error
ocn798834871,http://dx.doi.org/10.1002/9781118668436,DOI error
ocn798834872,http://dx.doi.org/10.1002/9781118670101,DOI error
ocn798834877,http://dx.doi.org/10.1002/9781118670446,DOI error
ocn798834881,http://dx.doi.org/10.1002/9781118665138,DOI error
ocn798834883,http://dx.doi.org/10.1002/9781118670071,DOI error
ocn798834885,http://dx.doi.org/10.1002/9781118669037,DOI error
ocn798834887,http://dx.doi.org/10.1002/9781118665633,DOI error
ocn798834890,http://dx.doi.org/10.1002/9781118665947,DOI error
ocn798834895,http://dx.doi.org/10.1002/9781118666326,DOI error
ocn798834896,http://dx.doi.org/10.1002/9781118665442,DOI error
ocn798834899,http://dx.doi.org/10.1002/9781118666128,DOI error
ocn798834902,http://dx.doi.org/10.1002/9781118666371,DOI error
ocn798835716,http://dx.doi.org/10.1002/9781118664636,DOI error
ocn798835717,http://dx.doi.org/10.1002/9781118664919,DOI error
ocn798835718,http://dx.doi.org/10.1002/9781118664643,DOI error
ocn798835719,http://dx.doi.org/10.1002/9781118665459,DOI error
ocn798835721,http://dx.doi.org/10.1002/9781118665596,DOI error
ocn798835723,http://dx.doi.org/10.1002/9781118664865,DOI error
ocn798835724,http://dx.doi.org/10.1002/9781118663646,DOI error
ocn798835725,http://dx.doi.org/10.1002/9781118664483,DOI error
ocn798835727,http://dx.doi.org/10.1002/9781118664186,DOI error
ocn798835728,http://dx.doi.org/10.1002/9781118667057,DOI error
ocn798835729,http://dx.doi.org/10.1002/9781118667545,DOI error
ocn798835731,http://dx.doi.org/10.1002/9781118668290,DOI error
ocn798835733,http://dx.doi.org/10.1002/9781118666821,DOI error
ocn798835734,http://dx.doi.org/10.1002/9781118667255,DOI error
ocn798835735,http://dx.doi.org/10.1002/9781118667644,DOI error
ocn798835736,http://dx.doi.org/10.1002/9781118667224,DOI error
ocn798835737,http://dx.doi.org/10.1002/9781118667361,DOI error
ocn798835738,http://dx.doi.org/10.1002/9781118667583,DOI error
ocn798835740,http://dx.doi.org/10.1002/9781118668153,DOI error
ocn798835743,http://dx.doi.org/10.1002/9781118669969,DOI error
ocn798835744,http://dx.doi.org/10.1002/9781118666715,DOI error
ocn798835746,http://dx.doi.org/10.1002/9781118670200,DOI error
ocn798835748,http://dx.doi.org/10.1002/9781118666777,DOI error
ocn798835750,http://dx.doi.org/10.1002/9781118667170,DOI error
ocn798835753,http://dx.doi.org/10.1002/9781118667699,DOI error
ocn798835755,http://dx.doi.org/10.1002/9781118664698,DOI error
ocn798835756,http://dx.doi.org/10.1002/9781118664452,DOI error
ocn798835759,http://dx.doi.org/10.1002/9781118668368,DOI error
ocn798835760,http://dx.doi.org/10.1002/9781118668375,DOI error
ocn798835761,http://dx.doi.org/10.1002/9781118668320,DOI error
ocn798835763,http://dx.doi.org/10.1002/9781118665190,DOI error
ocn798835767,http://dx.doi.org/10.1002/9781118665848,DOI error
ocn798835768,http://dx.doi.org/10.1002/9781118668351,DOI error
ocn798835772,http://dx.doi.org/10.1002/9781118665497,DOI error
ocn798835776,http://dx.doi.org/10.1002/9781118665671,DOI error
ocn798835778,http://dx.doi.org/10.1002/9781118665732,DOI error
ocn798835783,http://dx.doi.org/10.1002/9781118668542,DOI error
ocn798835786,http://dx.doi.org/10.1002/9781118665879,DOI error
ocn798835790,http://dx.doi.org/10.1002/9781118665855,DOI error
ocn798835792,http://dx.doi.org/10.1002/9781118666067,DOI error
ocn798835793,http://dx.doi.org/10.1002/9781118666012,DOI error
ocn798835798,http://dx.doi.org/10.1002/9781118666333,DOI error
ocn798835800,http://dx.doi.org/10.1002/9781118667552,DOI error
ocn798835801,http://dx.doi.org/10.1002/9781118666425,DOI error
ocn798835807,http://dx.doi.org/10.1002/9781118667620,DOI error
ocn798835808,http://dx.doi.org/10.1002/9781118666364,DOI error
ocn798836793,http://dx.doi.org/10.1002/9781118664117,DOI error
ocn798836794,http://dx.doi.org/10.1002/9781118663578,DOI error
ocn798836801,http://dx.doi.org/10.1002/9781118665251,DOI error
ocn798836804,http://dx.doi.org/10.1002/9781118664988,DOI error
ocn798836836,http://dx.doi.org/10.1002/9781118666609,DOI error
ocn798836851,http://dx.doi.org/10.1002/9781118667118,DOI error
ocn798836856,http://dx.doi.org/10.1002/9781118667521,DOI error
ocn798836860,http://dx.doi.org/10.1002/9781118667019,DOI error
ocn798836864,http://dx.doi.org/10.1002/9781118666937,DOI error
ocn798836867,http://dx.doi.org/10.1002/9781118669730,DOI error
ocn798836870,http://dx.doi.org/10.1002/9781118669693,DOI error
ocn798836877,http://dx.doi.org/10.1002/9781118665435,DOI error
ocn798836886,http://dx.doi.org/10.1002/9781118664490,DOI error
ocn798836891,http://dx.doi.org/10.1002/9781118665800,DOI error
ocn798836895,http://dx.doi.org/10.1002/9781118669662,DOI error
ocn798836908,http://dx.doi.org/10.1002/9781118668603,DOI error
ocn798836916,http://dx.doi.org/10.1002/9781118668689,DOI error
ocn798836919,http://dx.doi.org/10.1002/9781118669570,DOI error
ocn798836921,http://dx.doi.org/10.1002/9781118668566,DOI error
ocn798836922,http://dx.doi.org/10.1002/9781118668597,DOI error
ocn798836923,http://dx.doi.org/10.1002/9781118665343,DOI error
ocn798836936,http://dx.doi.org/10.1002/9781118665640,DOI error
ocn798836939,http://dx.doi.org/10.1002/9781118665794,DOI error
ocn798836942,http://dx.doi.org/10.1002/9781118665664,DOI error
ocn798836950,http://dx.doi.org/10.1002/9781118665114,DOI error
ocn798836953,http://dx.doi.org/10.1002/9781118666210,DOI error
ocn798836958,http://dx.doi.org/10.1002/9781118666098,DOI error
ocn798836961,http://dx.doi.org/10.1002/9781118666104,DOI error
ocn798836962,http://dx.doi.org/10.1002/9781118666296,DOI error
ocn798836971,http://dx.doi.org/10.1002/9781118666265,DOI error
ocn799895042,http://dx.doi.org/10.1002/9781118668528,DOI error
ocn799895044,http://dx.doi.org/10.1002/9781118669143,DOI error
ocn799895049,http://dx.doi.org/10.1002/9781118668696,DOI error
ocn799895050,http://dx.doi.org/10.1002/9781118664537,DOI error
ocn799895051,http://dx.doi.org/10.1002/9781118664018,DOI error
ocn799895056,http://dx.doi.org/10.1002/9781118668870,DOI error
ocn799895057,http://dx.doi.org/10.1002/9781118664551,DOI error
ocn799895060,http://dx.doi.org/10.1002/9781118665398,DOI error
ocn799895061,http://dx.doi.org/10.1002/9781118668757,DOI error
ocn799895063,http://dx.doi.org/10.1002/9781118666906,DOI error
ocn799895064,http://dx.doi.org/10.1002/9781118667231,DOI error
ocn799895065,http://dx.doi.org/10.1002/9781118667576,DOI error
ocn799895066,http://dx.doi.org/10.1002/9781118667408,DOI error
ocn799895067,http://dx.doi.org/10.1002/9781118668214,DOI error
ocn799895068,http://dx.doi.org/10.1002/9781118666883,DOI error
ocn799895073,http://dx.doi.org/10.1002/9781118667156,DOI error
ocn799895074,http://dx.doi.org/10.1002/9781118669334,DOI error
ocn799895076,http://dx.doi.org/10.1002/9781118669938,DOI error
ocn799895077,http://dx.doi.org/10.1002/9781118667347,DOI error
ocn799895078,http://dx.doi.org/10.1002/9781118667439,DOI error
ocn799895079,http://dx.doi.org/10.1002/9781118668764,DOI error
ocn799895080,http://dx.doi.org/10.1002/9781118667316,DOI error
ocn799895081,http://dx.doi.org/10.1002/9781118667101,DOI error
ocn799895082,http://dx.doi.org/10.1002/9781118670293,DOI error
ocn799895083,http://dx.doi.org/10.1002/9781118667125,DOI error
ocn799895084,http://dx.doi.org/10.1002/9781118669624,DOI error
ocn799895088,http://dx.doi.org/10.1002/9781118668733,DOI error
ocn799895089,http://dx.doi.org/10.1002/9781118669990,DOI error
ocn799895090,http://dx.doi.org/10.1002/9781118666951,DOI error
ocn799895091,http://dx.doi.org/10.1002/9781118666623,DOI error
ocn799895092,http://dx.doi.org/10.1002/9781118669754,DOI error
ocn799895094,http://dx.doi.org/10.1002/9781118670057,DOI error
ocn799895095,http://dx.doi.org/10.1002/9781118666920,DOI error
ocn799895096,http://dx.doi.org/10.1002/9781118669846,DOI error
ocn799895097,http://dx.doi.org/10.1002/9781118670149,DOI error
ocn799895098,http://dx.doi.org/10.1002/9781118667194,DOI error
ocn799895100,http://dx.doi.org/10.1002/9781118667415,DOI error
ocn799895101,http://dx.doi.org/10.1002/9781118667460,DOI error
ocn799895102,http://dx.doi.org/10.1002/9781118668306,DOI error
ocn799895104,http://dx.doi.org/10.1002/9781118667422,DOI error
ocn799895106,http://dx.doi.org/10.1002/9781118667378,DOI error
ocn799895108,http://dx.doi.org/10.1002/9781118667163,DOI error
ocn799895112,http://dx.doi.org/10.1002/9781118670194,DOI error
ocn799895115,http://dx.doi.org/10.1002/9781118667392,DOI error
ocn799895116,http://dx.doi.org/10.1002/9781118668122,DOI error
ocn799897337,http://dx.doi.org/10.1002/9781118668979,DOI error
ocn799897339,http://dx.doi.org/10.1002/9781118664445,DOI error
ocn799897340,http://dx.doi.org/10.1002/9781118668863,DOI error
ocn799897345,http://dx.doi.org/10.1002/9781118669587,DOI error
ocn799897346,http://dx.doi.org/10.1002/9781118669136,DOI error
ocn799897349,http://dx.doi.org/10.1002/9781118668948,DOI error
ocn799897352,http://dx.doi.org/10.1002/9781118664704,DOI error
ocn799897355,http://dx.doi.org/10.1002/9781118666708,DOI error
ocn799897358,http://dx.doi.org/10.1002/9781118669600,DOI error
ocn799897359,http://dx.doi.org/10.1002/9781118667491,DOI error
ocn799897361,http://dx.doi.org/10.1002/9781118668269,DOI error
ocn799897363,http://dx.doi.org/10.1002/9781118668337,DOI error
ocn799897369,http://dx.doi.org/10.1002/9781118668818,DOI error
ocn799897371,http://dx.doi.org/10.1002/9781118668795,DOI error
ocn799897373,http://dx.doi.org/10.1002/9781118666845,DOI error
ocn799897376,http://dx.doi.org/10.1002/9781118668702,DOI error
ocn799897378,http://dx.doi.org/10.1002/9781118666913,DOI error
ocn799897380,http://dx.doi.org/10.1002/9781118666999,DOI error
ocn799897381,http://dx.doi.org/10.1002/9781118669433,DOI error
ocn799897384,http://dx.doi.org/10.1002/9781118666982,DOI error
ocn799897387,http://dx.doi.org/10.1002/9781118669877,DOI error
ocn799897389,http://dx.doi.org/10.1002/9781118667187,DOI error
ocn799897390,http://dx.doi.org/10.1002/9781118670156,DOI error
ocn799897391,http://dx.doi.org/10.1002/9781118666890,DOI error
ocn799897394,http://dx.doi.org/10.1002/9781118667514,DOI error
ocn799897395,http://dx.doi.org/10.1002/9781118669891,DOI error
ocn799897396,http://dx.doi.org/10.1002/9781118669617,DOI error
ocn799897397,http://dx.doi.org/10.1002/9781118669358,DOI error
ocn799897399,http://dx.doi.org/10.1002/9781118669839,DOI error
ocn799897400,http://dx.doi.org/10.1002/9781118666838,DOI error
ocn799897402,http://dx.doi.org/10.1002/9781118669921,DOI error
ocn799897405,http://dx.doi.org/10.1002/9781118667026,DOI error
ocn799897407,http://dx.doi.org/10.1002/9781118666760,DOI error
ocn799897409,http://dx.doi.org/10.1002/9781118667293,DOI error
ocn799897410,http://dx.doi.org/10.1002/9781118667033,DOI error
ocn799897412,http://dx.doi.org/10.1002/9781118666852,DOI error
ocn799897414,http://dx.doi.org/10.1002/9781118669525,DOI error
ocn799897415,http://dx.doi.org/10.1002/9781118667248,DOI error
ocn799897416,http://dx.doi.org/10.1002/9781118667750,DOI error
ocn799897417,http://dx.doi.org/10.1002/9781118667446,DOI error
ocn799897419,http://dx.doi.org/10.1002/9781118667798,DOI error
ocn799897420,http://dx.doi.org/10.1002/9781118667972,DOI error
ocn799897421,http://dx.doi.org/10.1002/9781118668207,DOI error
ocn799897422,http://dx.doi.org/10.1002/9781118668665,DOI error
ocn799900446,http://dx.doi.org/10.1002/9781118668719,DOI error
ocn799900550,http://dx.doi.org/10.1002/9781118708941,DOI error
ocn799900684,http://dx.doi.org/10.1002/9781118668788,DOI error
ocn799900686,http://dx.doi.org/10.1002/9781118668641,DOI error
ocn799900694,http://dx.doi.org/10.1002/9781118666074,DOI error
ocn799900704,http://dx.doi.org/10.1002/9781118667002,DOI error
ocn799900707,http://dx.doi.org/10.1002/9781118666791,DOI error
ocn799900709,http://dx.doi.org/10.1002/9781118666784,DOI error
ocn799900725,http://dx.doi.org/10.1002/9781118669211,DOI error
ocn799900729,http://dx.doi.org/10.1002/9781118667149,DOI error
ocn799900743,http://dx.doi.org/10.1002/9781118668740,DOI error
ocn799900746,http://dx.doi.org/10.1002/9781118667385,DOI error
ocn799900750,http://dx.doi.org/10.1002/9781118669815,DOI error
ocn799900759,http://dx.doi.org/10.1002/9781118667200,DOI error
ocn799900766,http://dx.doi.org/10.1002/9781118667804,DOI error
ocn799900787,http://dx.doi.org/10.1002/9781118669679,DOI error
ocn799900795,http://dx.doi.org/10.1002/9781118667453,DOI error
ocn799900796,http://dx.doi.org/10.1002/9781118668894,DOI error
ocn799900800,http://dx.doi.org/10.1002/9781118670002,DOI error
ocn799900811,http://dx.doi.org/10.1002/9781118667910,DOI error
ocn799900812,http://dx.doi.org/10.1002/9781118668931,DOI error
ocn800109746,http://dx.doi.org/10.1002/9781118668849,DOI error
ocn800111746,http://dx.doi.org/10.1002/9781118663790,DOI error
ocn800124126,http://dx.doi.org/10.1002/9781118669051,DOI error
ocn800414059,http://dx.doi.org/10.1002/9781118669013,DOI error
ocn800414760,http://dx.doi.org/10.1002/9781118663615,DOI error
ocn800414851,http://dx.doi.org/10.1002/9781118663783,DOI error
ocn800414884,http://dx.doi.org/10.1002/9781118663936,DOI error
ocn800414925,http://dx.doi.org/10.1002/9781118669099,DOI error
ocn800414990,http://dx.doi.org/10.1002/9781118669228,DOI error
ocn800415110,http://dx.doi.org/10.1002/9781118667682,DOI error
ocn800417052,http://dx.doi.org/10.1002/9781118665985,DOI error
ocn800417193,http://dx.doi.org/10.1002/9781118670378,DOI error
ocn800418027,http://dx.doi.org/10.1002/9781118666234,DOI error
ocn806209339,http://dx.doi.org/10.1002/9781118663561,DOI error
ocn809920729,http://dx.doi.org/10.1002/9781118668016,DOI error
ocn810454448,http://dx.doi.org/10.1002/9781118664605,DOI error
ocn811851542,http://dx.doi.org/10.1002/9781118669419,DOI error
ocn811851592,http://dx.doi.org/10.1002/9781118669341,DOI error
ocn811851951,http://dx.doi.org/10.1002/9781118669686,DOI error
ocn811851990,http://dx.doi.org/10.1002/9781118669549,DOI error
ocn811852029,http://dx.doi.org/10.1002/9781118669709,DOI error
ocn811852065,http://dx.doi.org/10.1002/9781118669457,DOI error
ocn811852562,http://dx.doi.org/10.1002/9781118669563,DOI error
ocn811852843,http://dx.doi.org/10.1002/9781118669297,DOI error
ocn811852955,http://dx.doi.org/10.1002/9781118669150,DOI error
ocn811853124,http://dx.doi.org/10.1002/9781118669365,DOI error
ocn811853182,http://dx.doi.org/10.1002/9781118669235,DOI error
ocn811853488,http://dx.doi.org/10.1002/9781118669518,DOI error
ocn811853657,http://dx.doi.org/10.1002/9781118669716,DOI error
ocn811853710,http://dx.doi.org/10.1002/9781118669082,DOI error
ocn811853751,http://dx.doi.org/10.1002/9781118669198,DOI error
ocn811853943,http://dx.doi.org/10.1002/9781118669174,DOI error
ocn811854463,http://dx.doi.org/10.1002/9781118669112,DOI error
ocn811855117,http://dx.doi.org/10.1002/9781118669631,DOI error
ocn823248984,http://dx.doi.org/10.1002/9781118704752,DOI error
ocn826786676,http://dx.doi.org/10.1002/9781118668900,DOI error
ocn827789364,http://dx.doi.org/10.1002/9781118664353,DOI error
ocn827789387,http://dx.doi.org/10.1002/9781118667965,DOI error
ocn827789399,http://dx.doi.org/10.1002/9781118666579,DOI error
ocn827789402,http://dx.doi.org/10.1002/9781118667842,DOI error
ocn827789403,http://dx.doi.org/10.1002/9781118667743,DOI error
ocn827789413,http://dx.doi.org/10.1002/9781118667903,DOI error
ocn827789442,http://dx.doi.org/10.1002/9781118668498,DOI error
ocn827789506,http://dx.doi.org/10.1002/9781118667767,DOI error
ocn827789507,http://dx.doi.org/10.1002/9781118667859,DOI error
ocn830604232,http://dx.doi.org/10.1002/9781118667279,DOI error
ocn830768036,http://dx.doi.org/10.1002/9781118668993,DOI error
ocn841371232,http://dx.doi.org/10.1002/9781118664582,DOI error
ocn842846185,http://dx.doi.org/10.1002/9781118667781,DOI error
ocn842898389,http://dx.doi.org/10.1002/9781118668061,DOI error
ocn842919744,http://dx.doi.org/10.1002/9781118670330,DOI error
ocn842919790,http://dx.doi.org/10.1002/9781118666340,DOI error
ocn842919890,http://dx.doi.org/10.1002/9781118669044,DOI error
ocn842929822,http://dx.doi.org/10.1002/9781118666661,DOI error
ocn842929944,http://dx.doi.org/10.1002/9781118704325,DOI error
ocn842940325,http://dx.doi.org/10.1002/9781118669105,DOI error
ocn842963722,http://dx.doi.org/10.1002/9781118664094,DOI error
ocn843880765,http://dx.doi.org/10.1002/9781118670286,DOI error
ocn843880801,http://dx.doi.org/10.1002/9781118670187,DOI error
